{"BX.KLT.DINV.CD.WD": {"IDN": {"Year": [2023, 2024, 2025, 2026, 2027, 2028, 2029, 2030, 2031, 2032, 2033, 2034, 2035, 2036, 2037], "Value": [20502525376.4289, 18392594339.15979, 19769583231.262146, 22332903162.52534, 20893586543.709183, 20108470838.50808, 27518646618.940174, 24777052369.5018, 27481496968.59312, 28384347547.99432, 25380584819.472015, 32503534008.05417, 36015948861.96956, 35870287534.895195, 37756951708.344284]}, "IND": {"Year": [2023, 2024, 2025, 2026, 2027, 2028, 2029, 2030, 2031, 2032, 2033, 2034, 2035, 2036, 2037], "Value": [54846284391.74856, 47335589473.607346, 50350118592.94189, 54332269227.60393, 59664285848.636246, 60522182517.29715, 58350872683.518326, 63894750938.43573, 70921852321.1209, 85435526595.56519, 70737483572.25916, 71240879298.4313, 77253565337.69225, 68549911693.43327, 71854734233.65184]}, "KOR": {"Year": [2023, 2024, 2025, 2026, 2027, 2028, 2029, 2030, 2031, 2032, 2033, 2034, 2035, 2036, 2037], "Value": [20216844882.19404, 20405887010.16234, 18025228148.66307, 16282241317.199173, 15793139339.149982, 22223623148.52349, 24140316958.72686, 19544869403.65918, 18647147074.68415, 19954773157.187347, 22444226308.45691, 21701036160.604954, 22761711285.56686, 22675182313.81606, 23880414254.033714]}, "MYS": {"Year": [2023, 2024, 2025, 2026, 2027, 2028, 2029, 2030, 2031, 2032, 2033, 2034, 2035, 2036, 2037], "Value": [11303985632.600204, 12004281208.778236, 8414054581.903673, 11180405567.227882, 11791074553.40755, 12262006233.32349, 12857818007.997272, 16503172762.09167, 17532450001.509407, 17607666025.44566, 6534968731.656914, 17300904207.96382, 22533077939.35115, 16525059280.14625, 18971574016.699425]}, "SGP": {"Year": [2023, 2024, 2025, 2026, 2027, 2028, 2029, 2030, 2031, 2032, 2033, 2034, 2035, 2036, 2037], "Value": [140830540572.25055, 142072075369.98663, 146586058565.20126, 141139122264.8673, 148695934928.99414, 151848429205.40442, 163249073187.13602, 167436167635.8064, 182307736809.3547, 149569262964.27002, 179957534458.90967, 202193549484.28442, 197429771754.79245, 202132684946.263, 209765917293.58072]}, "VNM": {"Year": [2023, 2024, 2025, 2026, 2027, 2028, 2029, 2030, 2031, 2032, 2033, 2034, 2035, 2036, 2037], "Value": [17919127997.669807, 17940986890.130077, 18185788192.762444, 18302820063.936092, 19124475314.014717, 19454431158.132057, 20144419531.94191, 20895673789.00481, 23839762266.67296, 25638379245.75741, 24311892932.273155, 25187963930.307236, 24810936640.89318, 25415248097.239147, 25829468885.31125]}}, "FP.CPI.TOTL.ZG": {"IDN": {"Year": [2023, 2024, 2025, 2026, 2027, 2028, 2029, 2030, 2031, 2032, 2033, 2034, 2035, 2036, 2037], "Value": [-4.665037513914112, -9.113750976712018, -1.752877380648271, 21.921494896042038, -7.8315143722341, -10.233444594697747, -13.361233850524753, -14.21545260668845, -15.058477923932559, -17.32800292404061, -18.339810403599557, -12.365732627895019, -20.578525816114645, -25.796637432649106, -13.057504634733162]}, "IND": {"Year": [2023, 2024, 2025, 2026, 2027, 2028, 2029, 2030, 2031, 2032, 2033, 2034, 2035, 2036, 2037], "Value": [0.6147612545293879, -0.09972675649945595, 2.95722847620144, 3.333264248726341, 6.343874847963775, 5.511955897733576, 4.114043437858562, 5.429396592248827, 6.263226971831013, 5.519529024996192, 7.4554953417153955, 12.142607176285528, 5.678638676931081, 4.791671158505064, 6.150134541353465]}, "KOR": {"Year": [2023, 2024, 2025, 2026, 2027, 2028, 2029, 2030, 2031, 2032, 2033, 2034, 2035, 2036, 2037], "Value": [-0.5163381238923517, -1.1661341404073036, -1.7681072900033519, -2.2881449663276685, -1.9372822527026101, -1.971768109513139, -2.802027182472753, -3.594606809355186, -4.187668428518786, -2.989920568907447, -3.772912510761956, -2.329642263229221, -3.9889982017921213, -4.853916784773918, -5.393438662437525]}, "MYS": {"Year": [2023, 2024, 2025, 2026, 2027, 2028, 2029, 2030, 2031, 2032, 2033, 2034, 2035, 2036, 2037], "Value": [-0.037558576217623596, -0.3638563864772497, 0.2959391401433786, 0.5172432020646291, 1.1127309553210443, 1.4233076695861113, 2.1840776611622985, 2.215244463218225, 0.8760888055053848, 2.665370736271186, 0.4264953518002228, 2.5990006915141706, 1.1705432661646804, 0.10271814843879135, 0.5752841152935032]}, "SGP": {"Year": [2023, 2024, 2025, 2026, 2027, 2028, 2029, 2030, 2031, 2032, 2033, 2034, 2035, 2036, 2037], "Value": [7.169392475888526, 7.816966139382884, 7.192172263640391, 5.992215548104839, 6.230503066870263, 6.949574458436885, 6.385454306947798, 6.739627842529443, 7.423711624232928, 10.284301840695774, 6.858287636696076, 9.117574231595082, 11.030078139932991, 10.834500591766144, 9.168229197595302]}, "VNM": {"Year": [2023, 2024, 2025, 2026, 2027, 2028, 2029, 2030, 2031, 2032, 2033, 2034, 2035, 2036, 2037], "Value": [1.3689977876370438, -4.573621267623297, -3.416720178857074, 0.6273155756889821, -0.06099902791383727, 4.379214845626668, 4.91923602744855, 4.081248438398121, 4.95347549879009, 19.206804233813564, 3.049290563973294, 6.604203300924544, 15.00670149886424, 5.636112539278598, 3.3500990878963264]}}, "NE.EXP.GNFS.CD": {"IDN": {"Year": [2023, 2024, 2025, 2026, 2027, 2028, 2029, 2030, 2031, 2032, 2033, 2034, 2035, 2036, 2037], "Value": [334319265528.15326, 348255704015.90533, 344887633718.89777, 346674911137.72314, 354223886207.05853, 364773650880.5267, 377439484860.4362, 391293231671.08844, 404398902472.4529, 426805873775.66876, 407317774384.1764, 450556822379.46655, 494579245094.7506, 488795410460.39496, 481886577963.7451]}, "IND": {"Year": [2023, 2024, 2025, 2026, 2027, 2028, 2029, 2030, 2031, 2032, 2033, 2034, 2035, 2036, 2037], "Value": [733363106062.0476, 751841847165.723, 747068668990.8267, 761129255108.5302, 781156365249.0226, 815736385968.9441, 846266653350.3622, 883091782614.6337, 936943543756.791, 974523478406.4149, 948799207266.1017, 1045069843494.4149, 1118792813807.5918, 1119197332875.8848, 1143180828303.9102]}, "KOR": {"Year": [2023, 2024, 2025, 2026, 2027, 2028, 2029, 2030, 2031, 2032, 2033, 2034, 2035, 2036, 2037], "Value": [786114797091.2285, 815271859705.5137, 793013853133.898, 804224384151.7878, 857053557149.1552, 932324819822.2214, 955444365151.8726, 989410316563.0887, 1073727237059.0098, 1144322610602.916, 1039423950743.4924, 1133736007460.2546, 1263254819174.0269, 1286370591585.105, 1297924916589.4307]}, "MYS": {"Year": [2023, 2024, 2025, 2026, 2027, 2028, 2029, 2030, 2031, 2032, 2033, 2034, 2035, 2036, 2037], "Value": [317447178582.6279, 332398048684.02496, 323859005716.6209, 330480900161.73267, 342766486996.0051, 369657129319.13214, 386354673418.9658, 405860379387.22516, 430590097756.5849, 457635474828.5718, 409760993275.7394, 441521566370.3565, 473032445630.1655, 468725222971.3236, 463786433819.383]}, "SGP": {"Year": [2023, 2024, 2025, 2026, 2027, 2028, 2029, 2030, 2031, 2032, 2033, 2034, 2035, 2036, 2037], "Value": [893252244307.796, 918659790257.2789, 900748908076.0079, 907481468494.3396, 944639283020.6085, 996773225348.2487, 1029931244529.8246, 1071515465195.3165, 1122971763505.593, 1185717407445.6858, 1092245544436.2424, 1176545589678.2283, 1265741721265.864, 1278601522844.7087, 1298075777021.103]}, "VNM": {"Year": [2022, 2023, 2024, 2025, 2026, 2027, 2028, 2029, 2030, 2031, 2032, 2033, 2034, 2035, 2036], "Value": [368830125352.2205, 394921150239.86884, 422415197557.84924, 448976082084.3612, 475397081768.20264, 505199718671.5575, 535643290386.3141, 566312773230.0148, 597417006446.7872, 631464631354.1324, 674067726706.3702, 690655634454.5591, 727438970896.9261, 776695268758.2073, 818659905231.0334]}}, "NY.GDP.MKTP.CD": {"IDN": {"Year": [2023, 2024, 2025, 2026, 2027, 2028, 2029, 2030, 2031, 2032, 2033, 2034, 2035, 2036, 2037], "Value": [1419296091055.7576, 1466726638861.72, 1485343655148.9255, 1507120867640.8108, 1523074869386.975, 1562245631897.832, 1608395222182.0574, 1651269680352.8035, 1704274550379.8022, 1720411595470.2598, 1768436513747.0662, 1865478338933.931, 1953482461602.865, 1982438539220.6965, 1986730659237.6746]},